id,created_at,created_by_x,business_id,name,brand_name,description,price,stock,category,unit_type,created_by_y,cluster_run_id,cluster_id,raw_item_id
3,2025-12-15 20:35:45.987213+00:00,system,PROD001,Notebook Dell Inspiron 15 8GB,Dell,Notebook 15 polegadas Intel Core i5 8GB RAM 256GB SSD,3500.00,,Eletrônicos,UN,system,41d3d981-8aba-4ef6-8600-f2ef45db5409,0,3
48,2025-12-15 20:35:45.987213+00:00,system,PROD046,Notebook Asus Vivobook 15,Asus,"Notebook 15.6"" Intel Core i5 8GB RAM 256GB SSD",2800.00,,Eletrônicos,UN,system,41d3d981-8aba-4ef6-8600-f2ef45db5409,0,48
53,2025-12-15 20:35:55.983777+00:00,system,SKU-789,Notebook Inspiron 15 8GB Intel i5,Dell,"15.6"" Intel Core i5 8GB RAM SSD 256GB Windows 11",3499.90,25.0,8471.30.00,UN,system,41d3d981-8aba-4ef6-8600-f2ef45db5409,0,53
105,2025-12-15 23:42:46.350136+00:00,system,PROD001,Notebook Dell Inspiron 15 8GB,Dell,Notebook 15 polegadas Intel Core i5 8GB RAM 256GB SSD,3500.00,,Eletrônicos,UN,system,41d3d981-8aba-4ef6-8600-f2ef45db5409,0,105
98,2025-12-15 20:35:55.983777+00:00,system,SKU-834,"Notebook Asus Vivobook 15.6"" Intel",Asus,"15.6"" Intel Core i5 8GB RAM SSD 256GB Windows 11",2795.00,10.0,8471.30.00,UN,system,41d3d981-8aba-4ef6-8600-f2ef45db5409,0,98
200,2025-12-16 00:42:38.148459+00:00,system,SKU-834,"Notebook Asus Vivobook 15.6"" Intel",Asus,"15.6"" Intel Core i5 8GB RAM SSD 256GB Windows 11",2795.00,10.0,8471.30.00,UN,system,41d3d981-8aba-4ef6-8600-f2ef45db5409,0,200
150,2025-12-15 23:42:46.350136+00:00,system,PROD046,Notebook Asus Vivobook 15,Asus,"Notebook 15.6"" Intel Core i5 8GB RAM 256GB SSD",2800.00,,Eletrônicos,UN,system,41d3d981-8aba-4ef6-8600-f2ef45db5409,0,150
155,2025-12-16 00:42:38.148459+00:00,system,SKU-789,Notebook Inspiron 15 8GB Intel i5,Dell,"15.6"" Intel Core i5 8GB RAM SSD 256GB Windows 11",3499.90,25.0,8471.30.00,UN,system,41d3d981-8aba-4ef6-8600-f2ef45db5409,0,155
106,2025-12-15 23:42:46.350136+00:00,system,PROD002,Papel A4 500 folhas branco,Chamex,Papel sulfite branco 500 folhas 75g/m²,25.50,,Office,RES,system,41d3d981-8aba-4ef6-8600-f2ef45db5409,1,106
68,2025-12-15 20:35:55.983777+00:00,system,SKU-804,Papel A4 500 folhas reciclado Chamex,Chamex,Sulfite reciclado A4 500 folhas 75g/m²,22.50,80.0,4802.56.00,RES,system,41d3d981-8aba-4ef6-8600-f2ef45db5409,1,68
120,2025-12-15 23:42:46.350136+00:00,system,PROD016,Papel A4 500 folhas reciclado,Chamex,Papel sulfite reciclado 500 folhas 75g/m²,22.90,,Office,RES,system,41d3d981-8aba-4ef6-8600-f2ef45db5409,1,120
170,2025-12-16 00:42:38.148459+00:00,system,SKU-804,Papel A4 500 folhas reciclado Chamex,Chamex,Sulfite reciclado A4 500 folhas 75g/m²,22.50,80.0,4802.56.00,RES,system,41d3d981-8aba-4ef6-8600-f2ef45db5409,1,170
156,2025-12-16 00:42:38.148459+00:00,system,SKU-790,Papel A4 500fls branco 75g,Chamex,Sulfite A4 branco 500 folhas gramatura 75g/m²,24.90,150.0,4802.56.00,RES,system,41d3d981-8aba-4ef6-8600-f2ef45db5409,1,156
54,2025-12-15 20:35:55.983777+00:00,system,SKU-790,Papel A4 500fls branco 75g,Chamex,Sulfite A4 branco 500 folhas gramatura 75g/m²,24.90,150.0,4802.56.00,RES,system,41d3d981-8aba-4ef6-8600-f2ef45db5409,1,54
18,2025-12-15 20:35:45.987213+00:00,system,PROD016,Papel A4 500 folhas reciclado,Chamex,Papel sulfite reciclado 500 folhas 75g/m²,22.90,,Office,RES,system,41d3d981-8aba-4ef6-8600-f2ef45db5409,1,18
4,2025-12-15 20:35:45.987213+00:00,system,PROD002,Papel A4 500 folhas branco,Chamex,Papel sulfite branco 500 folhas 75g/m²,25.50,,Office,RES,system,41d3d981-8aba-4ef6-8600-f2ef45db5409,1,4
121,2025-12-15 23:42:46.350136+00:00,system,PROD017,Caneta BIC Preta,BIC,Caneta esferográfica preta ponta média,2.50,,Escritório,UN,system,41d3d981-8aba-4ef6-8600-f2ef45db5409,2,121
70,2025-12-15 20:35:55.983777+00:00,system,SKU-806,Caneta BIC Vermelha média,BIC,Esferográfica vermelha ponta média corpo transparente,2.45,500.0,Escritório,UN,system,41d3d981-8aba-4ef6-8600-f2ef45db5409,2,70
107,2025-12-15 23:42:46.350136+00:00,system,PROD003,Caneta BIC Azul,BIC,Caneta esferográfica azul ponta média,2.50,,Escritório,UN,system,41d3d981-8aba-4ef6-8600-f2ef45db5409,2,107
122,2025-12-15 23:42:46.350136+00:00,system,PROD018,Caneta BIC Vermelha,BIC,Caneta esferográfica vermelha ponta média,2.50,,Escritório,UN,system,41d3d981-8aba-4ef6-8600-f2ef45db5409,2,122
55,2025-12-15 20:35:55.983777+00:00,system,SKU-791,Caneta BIC Azul ponta média,BIC,Esferográfica azul ponta média corpo transparente,2.45,500.0,Escritório,UN,system,41d3d981-8aba-4ef6-8600-f2ef45db5409,2,55
20,2025-12-15 20:35:45.987213+00:00,system,PROD018,Caneta BIC Vermelha,BIC,Caneta esferográfica vermelha ponta média,2.50,,Escritório,UN,system,41d3d981-8aba-4ef6-8600-f2ef45db5409,2,20
19,2025-12-15 20:35:45.987213+00:00,system,PROD017,Caneta BIC Preta,BIC,Caneta esferográfica preta ponta média,2.50,,Escritório,UN,system,41d3d981-8aba-4ef6-8600-f2ef45db5409,2,19
5,2025-12-15 20:35:45.987213+00:00,system,PROD003,Caneta BIC Azul,BIC,Caneta esferográfica azul ponta média,2.50,,Escritório,UN,system,41d3d981-8aba-4ef6-8600-f2ef45db5409,2,5
172,2025-12-16 00:42:38.148459+00:00,system,SKU-806,Caneta BIC Vermelha média,BIC,Esferográfica vermelha ponta média corpo transparente,2.45,500.0,Escritório,UN,system,41d3d981-8aba-4ef6-8600-f2ef45db5409,2,172
157,2025-12-16 00:42:38.148459+00:00,system,SKU-791,Caneta BIC Azul ponta média,BIC,Esferográfica azul ponta média corpo transparente,2.45,500.0,Escritório,UN,system,41d3d981-8aba-4ef6-8600-f2ef45db5409,2,157
171,2025-12-16 00:42:38.148459+00:00,system,SKU-805,Caneta BIC Preta média,BIC,Esferográfica preta ponta média corpo transparente,2.45,500.0,Escritório,UN,system,41d3d981-8aba-4ef6-8600-f2ef45db5409,2,171
69,2025-12-15 20:35:55.983777+00:00,system,SKU-805,Caneta BIC Preta média,BIC,Esferográfica preta ponta média corpo transparente,2.45,500.0,Escritório,UN,system,41d3d981-8aba-4ef6-8600-f2ef45db5409,2,69
6,2025-12-15 20:35:45.987213+00:00,system,PROD004,Monitor LG 24 polegadas Full HD,LG,"Monitor LED 24"" Full HD 1920x1080 HDMI VGA",850.00,,Eletrônicos,UN,system,41d3d981-8aba-4ef6-8600-f2ef45db5409,3,6
108,2025-12-15 23:42:46.350136+00:00,system,PROD004,Monitor LG 24 polegadas Full HD,LG,"Monitor LED 24"" Full HD 1920x1080 HDMI VGA",850.00,,Eletrônicos,UN,system,41d3d981-8aba-4ef6-8600-f2ef45db5409,3,108
56,2025-12-15 20:35:55.983777+00:00,system,SKU-792,"Monitor LG 24"" Full HD",LG,LED 24 polegadas resolução 1920x1080 HDMI VGA DisplayPort,845.00,18.0,8528.52.00,UN,system,41d3d981-8aba-4ef6-8600-f2ef45db5409,3,56
158,2025-12-16 00:42:38.148459+00:00,system,SKU-792,"Monitor LG 24"" Full HD",LG,LED 24 polegadas resolução 1920x1080 HDMI VGA DisplayPort,845.00,18.0,8528.52.00,UN,system,41d3d981-8aba-4ef6-8600-f2ef45db5409,3,158
51,2025-12-15 20:35:45.987213+00:00,system,PROD049,Mesa Escritório com Gaveta 120cm,Allma,Mesa escritório com gaveta MDF 120x60cm branca,520.00,,Móveis,UN,system,41d3d981-8aba-4ef6-8600-f2ef45db5409,4,51
57,2025-12-15 20:35:55.983777+00:00,system,SKU-793,Mesa Escritório 120x60cm,Allma,Retangular MDF branca 120cm largura 60cm profundidade,445.00,12.0,9403.30.00,UN,system,41d3d981-8aba-4ef6-8600-f2ef45db5409,4,57
7,2025-12-15 20:35:45.987213+00:00,system,PROD005,Mesa Escritório Retangular 120cm,Allma,Mesa escritório retangular MDF 120x60cm branca,450.00,,Móveis,UN,system,41d3d981-8aba-4ef6-8600-f2ef45db5409,4,7
109,2025-12-15 23:42:46.350136+00:00,system,PROD005,Mesa Escritório Retangular 120cm,Allma,Mesa escritório retangular MDF 120x60cm branca,450.00,,Móveis,UN,system,41d3d981-8aba-4ef6-8600-f2ef45db5409,4,109
153,2025-12-15 23:42:46.350136+00:00,system,PROD049,Mesa Escritório com Gaveta 120cm,Allma,Mesa escritório com gaveta MDF 120x60cm branca,520.00,,Móveis,UN,system,41d3d981-8aba-4ef6-8600-f2ef45db5409,4,153
203,2025-12-16 00:42:38.148459+00:00,system,SKU-837,Mesa Escritório c/ Gaveta 120cm,Allma,Com gaveta MDF branca 120cm largura 60cm profundidade,515.00,14.0,9403.30.00,UN,system,41d3d981-8aba-4ef6-8600-f2ef45db5409,4,203
159,2025-12-16 00:42:38.148459+00:00,system,SKU-793,Mesa Escritório 120x60cm,Allma,Retangular MDF branca 120cm largura 60cm profundidade,445.00,12.0,9403.30.00,UN,system,41d3d981-8aba-4ef6-8600-f2ef45db5409,4,159
101,2025-12-15 20:35:55.983777+00:00,system,SKU-837,Mesa Escritório c/ Gaveta 120cm,Allma,Com gaveta MDF branca 120cm largura 60cm profundidade,515.00,14.0,9403.30.00,UN,system,41d3d981-8aba-4ef6-8600-f2ef45db5409,4,101
102,2025-12-15 20:35:55.983777+00:00,system,SKU-838,Cadeira Ergonômica Mesh Allma,Allma,Ergonômica mesh preta apoio lombar ajustável rodízios,745.00,12.0,9401.30.00,UN,system,41d3d981-8aba-4ef6-8600-f2ef45db5409,5,102
154,2025-12-15 23:42:46.350136+00:00,system,PROD050,Cadeira Ergonômica Mesh,Allma,Cadeira ergonômica mesh preta com apoio lombar ajustável,750.00,,Móveis,UN,system,41d3d981-8aba-4ef6-8600-f2ef45db5409,5,154
204,2025-12-16 00:42:38.148459+00:00,system,SKU-838,Cadeira Ergonômica Mesh Allma,Allma,Ergonômica mesh preta apoio lombar ajustável rodízios,745.00,12.0,9401.30.00,UN,system,41d3d981-8aba-4ef6-8600-f2ef45db5409,5,204
160,2025-12-16 00:42:38.148459+00:00,system,SKU-794,Cadeira Escritório Ergonômica Allma,Allma,Ergonômica apoio lombar braços ajustáveis rodízios,675.00,15.0,9401.30.00,UN,system,41d3d981-8aba-4ef6-8600-f2ef45db5409,5,160
52,2025-12-15 20:35:45.987213+00:00,system,PROD050,Cadeira Ergonômica Mesh,Allma,Cadeira ergonômica mesh preta com apoio lombar ajustável,750.00,,Móveis,UN,system,41d3d981-8aba-4ef6-8600-f2ef45db5409,5,52
58,2025-12-15 20:35:55.983777+00:00,system,SKU-794,Cadeira Escritório Ergonômica Allma,Allma,Ergonômica apoio lombar braços ajustáveis rodízios,675.00,15.0,9401.30.00,UN,system,41d3d981-8aba-4ef6-8600-f2ef45db5409,5,58
110,2025-12-15 23:42:46.350136+00:00,system,PROD006,Cadeira Escritório Ergonômica,Allma,Cadeira ergonômica com apoio lombar e braços ajustáveis,680.00,,Móveis,UN,system,41d3d981-8aba-4ef6-8600-f2ef45db5409,5,110
8,2025-12-15 20:35:45.987213+00:00,system,PROD006,Cadeira Escritório Ergonômica,Allma,Cadeira ergonômica com apoio lombar e braços ajustáveis,680.00,,Móveis,UN,system,41d3d981-8aba-4ef6-8600-f2ef45db5409,5,8
161,2025-12-16 00:42:38.148459+00:00,system,SKU-795,Impressora Laser HP Pro M15w,HP,Laser monocromática 1200dpi USB Wi-Fi impressão rápida,1195.00,8.0,8443.32.00,UN,system,41d3d981-8aba-4ef6-8600-f2ef45db5409,6,161
111,2025-12-15 23:42:46.350136+00:00,system,PROD007,Impressora HP LaserJet Pro,HP,Impressora laser monocromática 1200x1200dpi USB Wi-Fi,1200.00,,Eletrônicos,UN,system,41d3d981-8aba-4ef6-8600-f2ef45db5409,6,111
59,2025-12-15 20:35:55.983777+00:00,system,SKU-795,Impressora Laser HP Pro M15w,HP,Laser monocromática 1200dpi USB Wi-Fi impressão rápida,1195.00,8.0,8443.32.00,UN,system,41d3d981-8aba-4ef6-8600-f2ef45db5409,6,59
9,2025-12-15 20:35:45.987213+00:00,system,PROD007,Impressora HP LaserJet Pro,HP,Impressora laser monocromática 1200x1200dpi USB Wi-Fi,1200.00,,Eletrônicos,UN,system,41d3d981-8aba-4ef6-8600-f2ef45db5409,6,9
10,2025-12-15 20:35:45.987213+00:00,system,PROD008,Teclado Logitech USB,Logitech,Teclado USB padrão ABNT2 português,95.00,,Periféricos,UN,system,41d3d981-8aba-4ef6-8600-f2ef45db5409,7,10
60,2025-12-15 20:35:55.983777+00:00,system,SKU-796,Teclado USB Logitech ABNT2,Logitech,USB padrão brasileiro ABNT2 português layout,92.50,45.0,8471.60.00,UN,system,41d3d981-8aba-4ef6-8600-f2ef45db5409,7,60
112,2025-12-15 23:42:46.350136+00:00,system,PROD008,Teclado Logitech USB,Logitech,Teclado USB padrão ABNT2 português,95.00,,Periféricos,UN,system,41d3d981-8aba-4ef6-8600-f2ef45db5409,7,112
162,2025-12-16 00:42:38.148459+00:00,system,SKU-796,Teclado USB Logitech ABNT2,Logitech,USB padrão brasileiro ABNT2 português layout,92.50,45.0,8471.60.00,UN,system,41d3d981-8aba-4ef6-8600-f2ef45db5409,7,162
113,2025-12-15 23:42:46.350136+00:00,system,PROD009,Mouse Óptico Logitech,Logitech,Mouse óptico USB 1000dpi 3 botões,45.00,,Periféricos,UN,system,41d3d981-8aba-4ef6-8600-f2ef45db5409,8,113
11,2025-12-15 20:35:45.987213+00:00,system,PROD009,Mouse Óptico Logitech,Logitech,Mouse óptico USB 1000dpi 3 botões,45.00,,Periféricos,UN,system,41d3d981-8aba-4ef6-8600-f2ef45db5409,8,11
163,2025-12-16 00:42:38.148459+00:00,system,SKU-797,Mouse USB Logitech óptico,Logitech,Óptico USB 1000dpi 3 botões scroll,42.90,50.0,8471.60.00,UN,system,41d3d981-8aba-4ef6-8600-f2ef45db5409,8,163
61,2025-12-15 20:35:55.983777+00:00,system,SKU-797,Mouse USB Logitech óptico,Logitech,Óptico USB 1000dpi 3 botões scroll,42.90,50.0,8471.60.00,UN,system,41d3d981-8aba-4ef6-8600-f2ef45db5409,8,61
114,2025-12-15 23:42:46.350136+00:00,system,PROD010,HD Externo 1TB Seagate,Seagate,HD externo USB 3.0 1TB portátil,350.00,,Periféricos,UN,system,41d3d981-8aba-4ef6-8600-f2ef45db5409,9,114
164,2025-12-16 00:42:38.148459+00:00,system,SKU-798,HD Externo Seagate 1TB USB 3.0,Seagate,Externo portátil USB 3.0 1TB preto compacto,345.00,20.0,8471.70.00,UN,system,41d3d981-8aba-4ef6-8600-f2ef45db5409,9,164
12,2025-12-15 20:35:45.987213+00:00,system,PROD010,HD Externo 1TB Seagate,Seagate,HD externo USB 3.0 1TB portátil,350.00,,Periféricos,UN,system,41d3d981-8aba-4ef6-8600-f2ef45db5409,9,12
62,2025-12-15 20:35:55.983777+00:00,system,SKU-798,HD Externo Seagate 1TB USB 3.0,Seagate,Externo portátil USB 3.0 1TB preto compacto,345.00,20.0,8471.70.00,UN,system,41d3d981-8aba-4ef6-8600-f2ef45db5409,9,62
165,2025-12-16 00:42:38.148459+00:00,system,SKU-799,Smartphone Galaxy A54 128GB,Samsung,"128GB 6GB RAM 6.4"" tela Super AMOLED Android 13",1895.00,10.0,8517.12.00,UN,system,41d3d981-8aba-4ef6-8600-f2ef45db5409,10,165
115,2025-12-15 23:42:46.350136+00:00,system,PROD011,Smartphone Samsung Galaxy A54,Samsung,"Smartphone 128GB 6GB RAM 6.4"" Android 13",1899.00,,Eletrônicos,UN,system,41d3d981-8aba-4ef6-8600-f2ef45db5409,10,115
63,2025-12-15 20:35:55.983777+00:00,system,SKU-799,Smartphone Galaxy A54 128GB,Samsung,"128GB 6GB RAM 6.4"" tela Super AMOLED Android 13",1895.00,10.0,8517.12.00,UN,system,41d3d981-8aba-4ef6-8600-f2ef45db5409,10,63
13,2025-12-15 20:35:45.987213+00:00,system,PROD011,Smartphone Samsung Galaxy A54,Samsung,"Smartphone 128GB 6GB RAM 6.4"" Android 13",1899.00,,Eletrônicos,UN,system,41d3d981-8aba-4ef6-8600-f2ef45db5409,10,13
14,2025-12-15 20:35:45.987213+00:00,system,PROD012,Fone de Ouvido JBL TWS,JBL,Fone de ouvido bluetooth True Wireless com case,299.00,,Áudio,UN,system,41d3d981-8aba-4ef6-8600-f2ef45db5409,11,14
116,2025-12-15 23:42:46.350136+00:00,system,PROD012,Fone de Ouvido JBL TWS,JBL,Fone de ouvido bluetooth True Wireless com case,299.00,,Áudio,UN,system,41d3d981-8aba-4ef6-8600-f2ef45db5409,11,116
117,2025-12-15 23:42:46.350136+00:00,system,PROD013,Caixa de Som JBL Go 3,JBL,Caixa de som bluetooth portátil à prova d'água,199.00,,Áudio,UN,system,41d3d981-8aba-4ef6-8600-f2ef45db5409,12,117
65,2025-12-15 20:35:55.983777+00:00,system,SKU-801,Caixa Som JBL Go 3 Bluetooth,JBL,Bluetooth portátil à prova d'água IPX7 potência,195.00,25.0,8518.22.00,UN,system,41d3d981-8aba-4ef6-8600-f2ef45db5409,12,65
15,2025-12-15 20:35:45.987213+00:00,system,PROD013,Caixa de Som JBL Go 3,JBL,Caixa de som bluetooth portátil à prova d'água,199.00,,Áudio,UN,system,41d3d981-8aba-4ef6-8600-f2ef45db5409,12,15
167,2025-12-16 00:42:38.148459+00:00,system,SKU-801,Caixa Som JBL Go 3 Bluetooth,JBL,Bluetooth portátil à prova d'água IPX7 potência,195.00,25.0,8518.22.00,UN,system,41d3d981-8aba-4ef6-8600-f2ef45db5409,12,167
168,2025-12-16 00:42:38.148459+00:00,system,SKU-802,Carregador Samsung 65W USB-C,Samsung,Rápido USB-C 65W com cabo 1.5m branco,85.00,40.0,8504.40.00,UN,system,41d3d981-8aba-4ef6-8600-f2ef45db5409,13,168
118,2025-12-15 23:42:46.350136+00:00,system,PROD014,Carregador USB-C 65W Samsung,Samsung,Carregador rápido USB-C 65W com cabo,89.00,,Eletrônicos,UN,system,41d3d981-8aba-4ef6-8600-f2ef45db5409,13,118
66,2025-12-15 20:35:55.983777+00:00,system,SKU-802,Carregador Samsung 65W USB-C,Samsung,Rápido USB-C 65W com cabo 1.5m branco,85.00,40.0,8504.40.00,UN,system,41d3d981-8aba-4ef6-8600-f2ef45db5409,13,66
16,2025-12-15 20:35:45.987213+00:00,system,PROD014,Carregador USB-C 65W Samsung,Samsung,Carregador rápido USB-C 65W com cabo,89.00,,Eletrônicos,UN,system,41d3d981-8aba-4ef6-8600-f2ef45db5409,13,16
17,2025-12-15 20:35:45.987213+00:00,system,PROD015,Suporte Notebook Ergonômico,Allma,"Suporte para notebook ajustável alumínio até 17""",150.00,,Periféricos,UN,system,41d3d981-8aba-4ef6-8600-f2ef45db5409,14,17
119,2025-12-15 23:42:46.350136+00:00,system,PROD015,Suporte Notebook Ergonômico,Allma,"Suporte para notebook ajustável alumínio até 17""",150.00,,Periféricos,UN,system,41d3d981-8aba-4ef6-8600-f2ef45db5409,14,119
123,2025-12-15 23:42:46.350136+00:00,system,PROD019,Notebook Lenovo IdeaPad 3,Lenovo,"Notebook 15.6"" AMD Ryzen 5 8GB RAM 256GB SSD",3200.00,,Eletrônicos,UN,system,41d3d981-8aba-4ef6-8600-f2ef45db5409,15,123
173,2025-12-16 00:42:38.148459+00:00,system,SKU-807,"Notebook IdeaPad 3 Lenovo 15.6""",Lenovo,"15.6"" AMD Ryzen 5 8GB RAM SSD 256GB Windows 11",3195.00,12.0,8471.30.00,UN,system,41d3d981-8aba-4ef6-8600-f2ef45db5409,15,173
71,2025-12-15 20:35:55.983777+00:00,system,SKU-807,"Notebook IdeaPad 3 Lenovo 15.6""",Lenovo,"15.6"" AMD Ryzen 5 8GB RAM SSD 256GB Windows 11",3195.00,12.0,8471.30.00,UN,system,41d3d981-8aba-4ef6-8600-f2ef45db5409,15,71
21,2025-12-15 20:35:45.987213+00:00,system,PROD019,Notebook Lenovo IdeaPad 3,Lenovo,"Notebook 15.6"" AMD Ryzen 5 8GB RAM 256GB SSD",3200.00,,Eletrônicos,UN,system,41d3d981-8aba-4ef6-8600-f2ef45db5409,15,21
22,2025-12-15 20:35:45.987213+00:00,system,PROD020,Monitor Samsung 27 polegadas 4K,Samsung,"Monitor LED 27"" 4K UHD 3840x2160 HDMI DisplayPort",2100.00,,Eletrônicos,UN,system,41d3d981-8aba-4ef6-8600-f2ef45db5409,16,22
124,2025-12-15 23:42:46.350136+00:00,system,PROD020,Monitor Samsung 27 polegadas 4K,Samsung,"Monitor LED 27"" 4K UHD 3840x2160 HDMI DisplayPort",2100.00,,Eletrônicos,UN,system,41d3d981-8aba-4ef6-8600-f2ef45db5409,16,124
125,2025-12-15 23:42:46.350136+00:00,system,PROD021,Impressora Epson EcoTank,Epson,Impressora jato de tinta tanque de tinta colorida Wi-Fi,850.00,,Eletrônicos,UN,system,41d3d981-8aba-4ef6-8600-f2ef45db5409,17,125
23,2025-12-15 20:35:45.987213+00:00,system,PROD021,Impressora Epson EcoTank,Epson,Impressora jato de tinta tanque de tinta colorida Wi-Fi,850.00,,Eletrônicos,UN,system,41d3d981-8aba-4ef6-8600-f2ef45db5409,17,23
175,2025-12-16 00:42:38.148459+00:00,system,SKU-809,Impressora Epson EcoTank L3150,Epson,Jato de tinta tanque colorida Wi-Fi scanner,840.00,10.0,8443.32.00,UN,system,41d3d981-8aba-4ef6-8600-f2ef45db5409,17,175
73,2025-12-15 20:35:55.983777+00:00,system,SKU-809,Impressora Epson EcoTank L3150,Epson,Jato de tinta tanque colorida Wi-Fi scanner,840.00,10.0,8443.32.00,UN,system,41d3d981-8aba-4ef6-8600-f2ef45db5409,17,73
74,2025-12-15 20:35:55.983777+00:00,system,SKU-810,Mesa Escritório Formato L 140cm,Allma,Formato L MDF preta 140cm largura 70cm profundidade,645.00,8.0,9403.30.00,UN,system,41d3d981-8aba-4ef6-8600-f2ef45db5409,18,74
24,2025-12-15 20:35:45.987213+00:00,system,PROD022,Mesa Escritório L 140cm,Allma,Mesa escritório formato L MDF 140x70cm preta,650.00,,Móveis,UN,system,41d3d981-8aba-4ef6-8600-f2ef45db5409,18,24
126,2025-12-15 23:42:46.350136+00:00,system,PROD022,Mesa Escritório L 140cm,Allma,Mesa escritório formato L MDF 140x70cm preta,650.00,,Móveis,UN,system,41d3d981-8aba-4ef6-8600-f2ef45db5409,18,126
176,2025-12-16 00:42:38.148459+00:00,system,SKU-810,Mesa Escritório Formato L 140cm,Allma,Formato L MDF preta 140cm largura 70cm profundidade,645.00,8.0,9403.30.00,UN,system,41d3d981-8aba-4ef6-8600-f2ef45db5409,18,176
25,2025-12-15 20:35:45.987213+00:00,system,PROD023,Cadeira Gamer RGB,Allma,Cadeira gamer com iluminação RGB e apoio para pescoço,990.00,,Móveis,UN,system,41d3d981-8aba-4ef6-8600-f2ef45db5409,19,25
75,2025-12-15 20:35:55.983777+00:00,system,SKU-811,Cadeira Gamer RGB Allma,Allma,Gamer iluminação RGB apoio pescoço lombar ajustável,985.00,5.0,9401.30.00,UN,system,41d3d981-8aba-4ef6-8600-f2ef45db5409,19,75
177,2025-12-16 00:42:38.148459+00:00,system,SKU-811,Cadeira Gamer RGB Allma,Allma,Gamer iluminação RGB apoio pescoço lombar ajustável,985.00,5.0,9401.30.00,UN,system,41d3d981-8aba-4ef6-8600-f2ef45db5409,19,177
127,2025-12-15 23:42:46.350136+00:00,system,PROD023,Cadeira Gamer RGB,Allma,Cadeira gamer com iluminação RGB e apoio para pescoço,990.00,,Móveis,UN,system,41d3d981-8aba-4ef6-8600-f2ef45db5409,19,127
128,2025-12-15 23:42:46.350136+00:00,system,PROD024,Teclado Mecânico RGB,Logitech,Teclado mecânico RGB retroiluminado switches GX Blue,450.00,,Periféricos,UN,system,41d3d981-8aba-4ef6-8600-f2ef45db5409,20,128
26,2025-12-15 20:35:45.987213+00:00,system,PROD024,Teclado Mecânico RGB,Logitech,Teclado mecânico RGB retroiluminado switches GX Blue,450.00,,Periféricos,UN,system,41d3d981-8aba-4ef6-8600-f2ef45db5409,20,26
76,2025-12-15 20:35:55.983777+00:00,system,SKU-812,Teclado Mecânico RGB Logitech G Pro,Logitech,Mecânico RGB retroiluminado switches mecânicos GX,445.00,15.0,8471.60.00,UN,system,41d3d981-8aba-4ef6-8600-f2ef45db5409,20,76
178,2025-12-16 00:42:38.148459+00:00,system,SKU-812,Teclado Mecânico RGB Logitech G Pro,Logitech,Mecânico RGB retroiluminado switches mecânicos GX,445.00,15.0,8471.60.00,UN,system,41d3d981-8aba-4ef6-8600-f2ef45db5409,20,178
179,2025-12-16 00:42:38.148459+00:00,system,SKU-813,Mouse Gamer RGB Logitech 16000dpi,Logitech,Gamer RGB 16000dpi 6 botões programáveis peso,315.00,20.0,8471.60.00,UN,system,41d3d981-8aba-4ef6-8600-f2ef45db5409,21,179
27,2025-12-15 20:35:45.987213+00:00,system,PROD025,Mouse Gamer RGB 16000dpi,Logitech,Mouse gamer RGB 16000dpi 6 botões programáveis,320.00,,Periféricos,UN,system,41d3d981-8aba-4ef6-8600-f2ef45db5409,21,27
77,2025-12-15 20:35:55.983777+00:00,system,SKU-813,Mouse Gamer RGB Logitech 16000dpi,Logitech,Gamer RGB 16000dpi 6 botões programáveis peso,315.00,20.0,8471.60.00,UN,system,41d3d981-8aba-4ef6-8600-f2ef45db5409,21,77
129,2025-12-15 23:42:46.350136+00:00,system,PROD025,Mouse Gamer RGB 16000dpi,Logitech,Mouse gamer RGB 16000dpi 6 botões programáveis,320.00,,Periféricos,UN,system,41d3d981-8aba-4ef6-8600-f2ef45db5409,21,129
180,2025-12-16 00:42:38.148459+00:00,system,SKU-814,Webcam Logitech C920 Full HD,Logitech,Full HD 1080p 30fps microfone estéreo integrado,445.00,12.0,8525.80.00,UN,system,41d3d981-8aba-4ef6-8600-f2ef45db5409,22,180
130,2025-12-15 23:42:46.350136+00:00,system,PROD026,Webcam Logitech C920 HD,Logitech,Webcam Full HD 1080p 30fps com microfone integrado,450.00,,Periféricos,UN,system,41d3d981-8aba-4ef6-8600-f2ef45db5409,22,130
78,2025-12-15 20:35:55.983777+00:00,system,SKU-814,Webcam Logitech C920 Full HD,Logitech,Full HD 1080p 30fps microfone estéreo integrado,445.00,12.0,8525.80.00,UN,system,41d3d981-8aba-4ef6-8600-f2ef45db5409,22,78
28,2025-12-15 20:35:45.987213+00:00,system,PROD026,Webcam Logitech C920 HD,Logitech,Webcam Full HD 1080p 30fps com microfone integrado,450.00,,Periféricos,UN,system,41d3d981-8aba-4ef6-8600-f2ef45db5409,22,28
131,2025-12-15 23:42:46.350136+00:00,system,PROD027,SSD 500GB Kingston,Kingston,"SSD SATA III 500GB 2.5"" leitura 550MB/s escrita 520MB/s",250.00,,Periféricos,UN,system,41d3d981-8aba-4ef6-8600-f2ef45db5409,23,131
181,2025-12-16 00:42:38.148459+00:00,system,SKU-815,SSD Kingston 500GB SATA,Kingston,"SATA III 2.5"" 500GB leitura 550MB/s escrita 520MB/s",245.00,25.0,8471.70.00,UN,system,41d3d981-8aba-4ef6-8600-f2ef45db5409,23,181
29,2025-12-15 20:35:45.987213+00:00,system,PROD027,SSD 500GB Kingston,Kingston,"SSD SATA III 500GB 2.5"" leitura 550MB/s escrita 520MB/s",250.00,,Periféricos,UN,system,41d3d981-8aba-4ef6-8600-f2ef45db5409,23,29
79,2025-12-15 20:35:55.983777+00:00,system,SKU-815,SSD Kingston 500GB SATA,Kingston,"SATA III 2.5"" 500GB leitura 550MB/s escrita 520MB/s",245.00,25.0,8471.70.00,UN,system,41d3d981-8aba-4ef6-8600-f2ef45db5409,23,79
80,2025-12-15 20:35:55.983777+00:00,system,SKU-816,Memória RAM Kingston 8GB DDR4,Kingston,DDR4 8GB 2666MHz notebook SODIMM compatível,175.00,30.0,8471.70.00,UN,system,41d3d981-8aba-4ef6-8600-f2ef45db5409,24,80
30,2025-12-15 20:35:45.987213+00:00,system,PROD028,Memória RAM 8GB DDR4 Kingston,Kingston,Memória RAM DDR4 8GB 2666MHz notebook,180.00,,Periféricos,UN,system,41d3d981-8aba-4ef6-8600-f2ef45db5409,24,30
132,2025-12-15 23:42:46.350136+00:00,system,PROD028,Memória RAM 8GB DDR4 Kingston,Kingston,Memória RAM DDR4 8GB 2666MHz notebook,180.00,,Periféricos,UN,system,41d3d981-8aba-4ef6-8600-f2ef45db5409,24,132
182,2025-12-16 00:42:38.148459+00:00,system,SKU-816,Memória RAM Kingston 8GB DDR4,Kingston,DDR4 8GB 2666MHz notebook SODIMM compatível,175.00,30.0,8471.70.00,UN,system,41d3d981-8aba-4ef6-8600-f2ef45db5409,24,182
31,2025-12-15 20:35:45.987213+00:00,system,PROD029,HD Interno 1TB Western Digital,Western Digital,"HD interno 3.5"" SATA III 7200rpm 1TB",280.00,,Periféricos,UN,system,41d3d981-8aba-4ef6-8600-f2ef45db5409,25,31
81,2025-12-15 20:35:55.983777+00:00,system,SKU-817,"HD Interno WD 1TB 3.5""",Western Digital,"Interno 3.5"" SATA III 7200rpm 1TB cache 64MB",275.00,20.0,8471.70.00,UN,system,41d3d981-8aba-4ef6-8600-f2ef45db5409,25,81
133,2025-12-15 23:42:46.350136+00:00,system,PROD029,HD Interno 1TB Western Digital,Western Digital,"HD interno 3.5"" SATA III 7200rpm 1TB",280.00,,Periféricos,UN,system,41d3d981-8aba-4ef6-8600-f2ef45db5409,25,133
183,2025-12-16 00:42:38.148459+00:00,system,SKU-817,"HD Interno WD 1TB 3.5""",Western Digital,"Interno 3.5"" SATA III 7200rpm 1TB cache 64MB",275.00,20.0,8471.70.00,UN,system,41d3d981-8aba-4ef6-8600-f2ef45db5409,25,183
134,2025-12-15 23:42:46.350136+00:00,system,PROD030,Tablet Samsung Galaxy Tab A9,Samsung,"Tablet 8.7"" 64GB Wi-Fi Android 13",899.00,,Eletrônicos,UN,system,41d3d981-8aba-4ef6-8600-f2ef45db5409,26,134
184,2025-12-16 00:42:38.148459+00:00,system,SKU-818,"Tablet Galaxy Tab A9 8.7"" Samsung",Samsung,"8.7"" 64GB Wi-Fi Android 13 tela HD processador",895.00,8.0,8471.30.00,UN,system,41d3d981-8aba-4ef6-8600-f2ef45db5409,26,184
82,2025-12-15 20:35:55.983777+00:00,system,SKU-818,"Tablet Galaxy Tab A9 8.7"" Samsung",Samsung,"8.7"" 64GB Wi-Fi Android 13 tela HD processador",895.00,8.0,8471.30.00,UN,system,41d3d981-8aba-4ef6-8600-f2ef45db5409,26,82
32,2025-12-15 20:35:45.987213+00:00,system,PROD030,Tablet Samsung Galaxy Tab A9,Samsung,"Tablet 8.7"" 64GB Wi-Fi Android 13",899.00,,Eletrônicos,UN,system,41d3d981-8aba-4ef6-8600-f2ef45db5409,26,32
33,2025-12-15 20:35:45.987213+00:00,system,PROD031,Fone de Ouvido Sony WH-1000XM4,Sony,Fone de ouvido over-ear bluetooth com cancelamento de ruído,1599.00,,Áudio,UN,system,41d3d981-8aba-4ef6-8600-f2ef45db5409,27,33
135,2025-12-15 23:42:46.350136+00:00,system,PROD031,Fone de Ouvido Sony WH-1000XM4,Sony,Fone de ouvido over-ear bluetooth com cancelamento de ruído,1599.00,,Áudio,UN,system,41d3d981-8aba-4ef6-8600-f2ef45db5409,27,135
136,2025-12-15 23:42:46.350136+00:00,system,PROD032,Caixa de Som Bluetooth JBL Flip 6,JBL,Caixa de som bluetooth portátil stereo 30W,499.00,,Áudio,UN,system,41d3d981-8aba-4ef6-8600-f2ef45db5409,28,136
84,2025-12-15 20:35:55.983777+00:00,system,SKU-820,Caixa Som JBL Flip 6 Bluetooth,JBL,Bluetooth portátil stereo 30W à prova d'água IPX7,495.00,15.0,8518.22.00,UN,system,41d3d981-8aba-4ef6-8600-f2ef45db5409,28,84
34,2025-12-15 20:35:45.987213+00:00,system,PROD032,Caixa de Som Bluetooth JBL Flip 6,JBL,Caixa de som bluetooth portátil stereo 30W,499.00,,Áudio,UN,system,41d3d981-8aba-4ef6-8600-f2ef45db5409,28,34
186,2025-12-16 00:42:38.148459+00:00,system,SKU-820,Caixa Som JBL Flip 6 Bluetooth,JBL,Bluetooth portátil stereo 30W à prova d'água IPX7,495.00,15.0,8518.22.00,UN,system,41d3d981-8aba-4ef6-8600-f2ef45db5409,28,186
35,2025-12-15 20:35:45.987213+00:00,system,PROD033,Carregador Wireless 15W Samsung,Samsung,Carregador wireless rápido 15W com suporte,120.00,,Eletrônicos,UN,system,41d3d981-8aba-4ef6-8600-f2ef45db5409,29,35
137,2025-12-15 23:42:46.350136+00:00,system,PROD033,Carregador Wireless 15W Samsung,Samsung,Carregador wireless rápido 15W com suporte,120.00,,Eletrônicos,UN,system,41d3d981-8aba-4ef6-8600-f2ef45db5409,29,137
187,2025-12-16 00:42:38.148459+00:00,system,SKU-821,Carregador Wireless Samsung 15W,Samsung,Wireless rápido 15W suporte ajustável LED,115.00,25.0,8504.40.00,UN,system,41d3d981-8aba-4ef6-8600-f2ef45db5409,29,187
85,2025-12-15 20:35:55.983777+00:00,system,SKU-821,Carregador Wireless Samsung 15W,Samsung,Wireless rápido 15W suporte ajustável LED,115.00,25.0,8504.40.00,UN,system,41d3d981-8aba-4ef6-8600-f2ef45db5409,29,85
138,2025-12-15 23:42:46.350136+00:00,system,PROD034,Notebook Dell XPS 13,Dell,"Notebook 13.3"" Intel Core i7 16GB RAM 512GB SSD",7500.00,,Eletrônicos,UN,system,41d3d981-8aba-4ef6-8600-f2ef45db5409,30,138
36,2025-12-15 20:35:45.987213+00:00,system,PROD034,Notebook Dell XPS 13,Dell,"Notebook 13.3"" Intel Core i7 16GB RAM 512GB SSD",7500.00,,Eletrônicos,UN,system,41d3d981-8aba-4ef6-8600-f2ef45db5409,30,36
86,2025-12-15 20:35:55.983777+00:00,system,SKU-822,Notebook Dell XPS 13 Intel i7,Dell,"13.3"" Intel Core i7 16GB RAM SSD 512GB tela 4K",7495.00,3.0,8471.30.00,UN,system,41d3d981-8aba-4ef6-8600-f2ef45db5409,30,86
188,2025-12-16 00:42:38.148459+00:00,system,SKU-822,Notebook Dell XPS 13 Intel i7,Dell,"13.3"" Intel Core i7 16GB RAM SSD 512GB tela 4K",7495.00,3.0,8471.30.00,UN,system,41d3d981-8aba-4ef6-8600-f2ef45db5409,30,188
37,2025-12-15 20:35:45.987213+00:00,system,PROD035,Monitor Dell UltraSharp 27 polegadas,Dell,"Monitor 27"" 4K IPS 99% sRGB calibrado",3200.00,,Eletrônicos,UN,system,41d3d981-8aba-4ef6-8600-f2ef45db5409,31,37
139,2025-12-15 23:42:46.350136+00:00,system,PROD035,Monitor Dell UltraSharp 27 polegadas,Dell,"Monitor 27"" 4K IPS 99% sRGB calibrado",3200.00,,Eletrônicos,UN,system,41d3d981-8aba-4ef6-8600-f2ef45db5409,31,139
189,2025-12-16 00:42:38.148459+00:00,system,SKU-823,"Monitor Dell UltraSharp 27"" 4K",Dell,"27"" 4K IPS 99% sRGB calibrado fábrica USB-C",3195.00,4.0,8528.52.00,UN,system,41d3d981-8aba-4ef6-8600-f2ef45db5409,31,189
87,2025-12-15 20:35:55.983777+00:00,system,SKU-823,"Monitor Dell UltraSharp 27"" 4K",Dell,"27"" 4K IPS 99% sRGB calibrado fábrica USB-C",3195.00,4.0,8528.52.00,UN,system,41d3d981-8aba-4ef6-8600-f2ef45db5409,31,87
140,2025-12-15 23:42:46.350136+00:00,system,PROD036,Impressora HP OfficeJet Pro,HP,Impressora multifuncional jato de tinta colorida scanner Wi-Fi,650.00,,Eletrônicos,UN,system,41d3d981-8aba-4ef6-8600-f2ef45db5409,32,140
88,2025-12-15 20:35:55.983777+00:00,system,SKU-824,Impressora HP OfficeJet Pro 9015,HP,Multifuncional jato de tinta colorida scanner Wi-Fi,645.00,8.0,8443.32.00,UN,system,41d3d981-8aba-4ef6-8600-f2ef45db5409,32,88
38,2025-12-15 20:35:45.987213+00:00,system,PROD036,Impressora HP OfficeJet Pro,HP,Impressora multifuncional jato de tinta colorida scanner Wi-Fi,650.00,,Eletrônicos,UN,system,41d3d981-8aba-4ef6-8600-f2ef45db5409,32,38
190,2025-12-16 00:42:38.148459+00:00,system,SKU-824,Impressora HP OfficeJet Pro 9015,HP,Multifuncional jato de tinta colorida scanner Wi-Fi,645.00,8.0,8443.32.00,UN,system,41d3d981-8aba-4ef6-8600-f2ef45db5409,32,190
89,2025-12-15 20:35:55.983777+00:00,system,SKU-825,Mesa Escritório Compacta 100cm Allma,Allma,Compacta MDF branca 100cm largura 50cm profundidade,315.00,18.0,9403.30.00,UN,system,41d3d981-8aba-4ef6-8600-f2ef45db5409,33,89
141,2025-12-15 23:42:46.350136+00:00,system,PROD037,Mesa Escritório Compacta 100cm,Allma,Mesa escritório compacta MDF 100x50cm branca,320.00,,Móveis,UN,system,41d3d981-8aba-4ef6-8600-f2ef45db5409,33,141
191,2025-12-16 00:42:38.148459+00:00,system,SKU-825,Mesa Escritório Compacta 100cm Allma,Allma,Compacta MDF branca 100cm largura 50cm profundidade,315.00,18.0,9403.30.00,UN,system,41d3d981-8aba-4ef6-8600-f2ef45db5409,33,191
39,2025-12-15 20:35:45.987213+00:00,system,PROD037,Mesa Escritório Compacta 100cm,Allma,Mesa escritório compacta MDF 100x50cm branca,320.00,,Móveis,UN,system,41d3d981-8aba-4ef6-8600-f2ef45db5409,33,39
142,2025-12-15 23:42:46.350136+00:00,system,PROD038,Cadeira Executiva Couro,Allma,Cadeira executiva revestida em couro sintético preta,850.00,,Móveis,UN,system,41d3d981-8aba-4ef6-8600-f2ef45db5409,34,142
40,2025-12-15 20:35:45.987213+00:00,system,PROD038,Cadeira Executiva Couro,Allma,Cadeira executiva revestida em couro sintético preta,850.00,,Móveis,UN,system,41d3d981-8aba-4ef6-8600-f2ef45db5409,34,40
90,2025-12-15 20:35:55.983777+00:00,system,SKU-826,Cadeira Executiva Couro Sintético,Allma,Executiva revestida couro sintético preta braços,845.00,10.0,9401.30.00,UN,system,41d3d981-8aba-4ef6-8600-f2ef45db5409,34,90
192,2025-12-16 00:42:38.148459+00:00,system,SKU-826,Cadeira Executiva Couro Sintético,Allma,Executiva revestida couro sintético preta braços,845.00,10.0,9401.30.00,UN,system,41d3d981-8aba-4ef6-8600-f2ef45db5409,34,192
91,2025-12-15 20:35:55.983777+00:00,system,SKU-827,Teclado Sem Fio Logitech 2.4GHz,Logitech,Sem fio 2.4GHz padrão ABNT2 português bateria,145.00,35.0,8471.60.00,UN,system,41d3d981-8aba-4ef6-8600-f2ef45db5409,35,91
143,2025-12-15 23:42:46.350136+00:00,system,PROD039,Teclado Sem Fio Logitech,Logitech,Teclado sem fio 2.4GHz padrão ABNT2 português,150.00,,Periféricos,UN,system,41d3d981-8aba-4ef6-8600-f2ef45db5409,35,143
193,2025-12-16 00:42:38.148459+00:00,system,SKU-827,Teclado Sem Fio Logitech 2.4GHz,Logitech,Sem fio 2.4GHz padrão ABNT2 português bateria,145.00,35.0,8471.60.00,UN,system,41d3d981-8aba-4ef6-8600-f2ef45db5409,35,193
41,2025-12-15 20:35:45.987213+00:00,system,PROD039,Teclado Sem Fio Logitech,Logitech,Teclado sem fio 2.4GHz padrão ABNT2 português,150.00,,Periféricos,UN,system,41d3d981-8aba-4ef6-8600-f2ef45db5409,35,41
194,2025-12-16 00:42:38.148459+00:00,system,SKU-828,Mouse Sem Fio Logitech 2.4GHz,Logitech,Sem fio 2.4GHz óptico 1000dpi bateria longa,78.50,40.0,8471.60.00,UN,system,41d3d981-8aba-4ef6-8600-f2ef45db5409,36,194
92,2025-12-15 20:35:55.983777+00:00,system,SKU-828,Mouse Sem Fio Logitech 2.4GHz,Logitech,Sem fio 2.4GHz óptico 1000dpi bateria longa,78.50,40.0,8471.60.00,UN,system,41d3d981-8aba-4ef6-8600-f2ef45db5409,36,92
42,2025-12-15 20:35:45.987213+00:00,system,PROD040,Mouse Sem Fio Logitech,Logitech,Mouse sem fio 2.4GHz óptico 1000dpi,80.00,,Periféricos,UN,system,41d3d981-8aba-4ef6-8600-f2ef45db5409,36,42
144,2025-12-15 23:42:46.350136+00:00,system,PROD040,Mouse Sem Fio Logitech,Logitech,Mouse sem fio 2.4GHz óptico 1000dpi,80.00,,Periféricos,UN,system,41d3d981-8aba-4ef6-8600-f2ef45db5409,36,144
43,2025-12-15 20:35:45.987213+00:00,system,PROD041,HD Externo 2TB Western Digital,Western Digital,HD externo USB 3.0 2TB portátil preto,520.00,,Periféricos,UN,system,41d3d981-8aba-4ef6-8600-f2ef45db5409,37,43
145,2025-12-15 23:42:46.350136+00:00,system,PROD041,HD Externo 2TB Western Digital,Western Digital,HD externo USB 3.0 2TB portátil preto,520.00,,Periféricos,UN,system,41d3d981-8aba-4ef6-8600-f2ef45db5409,37,145
195,2025-12-16 00:42:38.148459+00:00,system,SKU-829,HD Externo WD 2TB USB 3.0,Western Digital,Externo portátil USB 3.0 2TB preto compacto,515.00,15.0,8471.70.00,UN,system,41d3d981-8aba-4ef6-8600-f2ef45db5409,37,195
93,2025-12-15 20:35:55.983777+00:00,system,SKU-829,HD Externo WD 2TB USB 3.0,Western Digital,Externo portátil USB 3.0 2TB preto compacto,515.00,15.0,8471.70.00,UN,system,41d3d981-8aba-4ef6-8600-f2ef45db5409,37,93
146,2025-12-15 23:42:46.350136+00:00,system,PROD042,Smartphone Xiaomi Redmi Note 12,Xiaomi,"Smartphone 128GB 6GB RAM 6.43"" Android 12",1299.00,,Eletrônicos,UN,system,41d3d981-8aba-4ef6-8600-f2ef45db5409,38,146
44,2025-12-15 20:35:45.987213+00:00,system,PROD042,Smartphone Xiaomi Redmi Note 12,Xiaomi,"Smartphone 128GB 6GB RAM 6.43"" Android 12",1299.00,,Eletrônicos,UN,system,41d3d981-8aba-4ef6-8600-f2ef45db5409,38,44
94,2025-12-15 20:35:55.983777+00:00,system,SKU-830,Smartphone Redmi Note 12 128GB Xiaomi,Xiaomi,"128GB 6GB RAM 6.43"" AMOLED Android 12 câmera",1295.00,12.0,8517.12.00,UN,system,41d3d981-8aba-4ef6-8600-f2ef45db5409,38,94
196,2025-12-16 00:42:38.148459+00:00,system,SKU-830,Smartphone Redmi Note 12 128GB Xiaomi,Xiaomi,"128GB 6GB RAM 6.43"" AMOLED Android 12 câmera",1295.00,12.0,8517.12.00,UN,system,41d3d981-8aba-4ef6-8600-f2ef45db5409,38,196
45,2025-12-15 20:35:45.987213+00:00,system,PROD043,Fone de Ouvido Bluetooth Xiaomi,Xiaomi,Fone de ouvido bluetooth in-ear com case,99.00,,Áudio,UN,system,41d3d981-8aba-4ef6-8600-f2ef45db5409,39,45
147,2025-12-15 23:42:46.350136+00:00,system,PROD043,Fone de Ouvido Bluetooth Xiaomi,Xiaomi,Fone de ouvido bluetooth in-ear com case,99.00,,Áudio,UN,system,41d3d981-8aba-4ef6-8600-f2ef45db5409,39,147
46,2025-12-15 20:35:45.987213+00:00,system,PROD044,Caixa de Som Bluetooth Xiaomi,Xiaomi,Caixa de som bluetooth portátil 16W,199.00,,Áudio,UN,system,41d3d981-8aba-4ef6-8600-f2ef45db5409,40,46
96,2025-12-15 20:35:55.983777+00:00,system,SKU-832,Caixa Som Bluetooth Xiaomi 16W,Xiaomi,Bluetooth portátil 16W bateria longa duração,195.00,30.0,8518.22.00,UN,system,41d3d981-8aba-4ef6-8600-f2ef45db5409,40,96
148,2025-12-15 23:42:46.350136+00:00,system,PROD044,Caixa de Som Bluetooth Xiaomi,Xiaomi,Caixa de som bluetooth portátil 16W,199.00,,Áudio,UN,system,41d3d981-8aba-4ef6-8600-f2ef45db5409,40,148
198,2025-12-16 00:42:38.148459+00:00,system,SKU-832,Caixa Som Bluetooth Xiaomi 16W,Xiaomi,Bluetooth portátil 16W bateria longa duração,195.00,30.0,8518.22.00,UN,system,41d3d981-8aba-4ef6-8600-f2ef45db5409,40,198
149,2025-12-15 23:42:46.350136+00:00,system,PROD045,Carregador Rápido 33W Xiaomi,Xiaomi,Carregador rápido USB-C 33W com cabo,65.00,,Eletrônicos,UN,system,41d3d981-8aba-4ef6-8600-f2ef45db5409,41,149
199,2025-12-16 00:42:38.148459+00:00,system,SKU-833,Carregador Rápido Xiaomi 33W USB-C,Xiaomi,Rápido USB-C 33W com cabo 1m compatível,62.90,60.0,8504.40.00,UN,system,41d3d981-8aba-4ef6-8600-f2ef45db5409,41,199
97,2025-12-15 20:35:55.983777+00:00,system,SKU-833,Carregador Rápido Xiaomi 33W USB-C,Xiaomi,Rápido USB-C 33W com cabo 1m compatível,62.90,60.0,8504.40.00,UN,system,41d3d981-8aba-4ef6-8600-f2ef45db5409,41,97
47,2025-12-15 20:35:45.987213+00:00,system,PROD045,Carregador Rápido 33W Xiaomi,Xiaomi,Carregador rápido USB-C 33W com cabo,65.00,,Eletrônicos,UN,system,41d3d981-8aba-4ef6-8600-f2ef45db5409,41,47
201,2025-12-16 00:42:38.148459+00:00,system,SKU-835,"Monitor Asus VG248QE 24"" 144Hz",Asus,"LED 24"" Full HD 144Hz 1ms resposta gaming FreeSync",1195.00,8.0,8528.52.00,UN,system,41d3d981-8aba-4ef6-8600-f2ef45db5409,42,201
151,2025-12-15 23:42:46.350136+00:00,system,PROD047,Monitor Asus VG248QE 24 polegadas,Asus,"Monitor LED 24"" Full HD 144Hz 1ms gaming",1200.00,,Eletrônicos,UN,system,41d3d981-8aba-4ef6-8600-f2ef45db5409,42,151
49,2025-12-15 20:35:45.987213+00:00,system,PROD047,Monitor Asus VG248QE 24 polegadas,Asus,"Monitor LED 24"" Full HD 144Hz 1ms gaming",1200.00,,Eletrônicos,UN,system,41d3d981-8aba-4ef6-8600-f2ef45db5409,42,49
99,2025-12-15 20:35:55.983777+00:00,system,SKU-835,"Monitor Asus VG248QE 24"" 144Hz",Asus,"LED 24"" Full HD 144Hz 1ms resposta gaming FreeSync",1195.00,8.0,8528.52.00,UN,system,41d3d981-8aba-4ef6-8600-f2ef45db5409,42,99
100,2025-12-15 20:35:55.983777+00:00,system,SKU-836,Impressora Canon PIXMA G3010 Tanque,Canon,Tanque de tinta colorida scanner Wi-Fi impressão,945.00,6.0,8443.32.00,UN,system,41d3d981-8aba-4ef6-8600-f2ef45db5409,43,100
50,2025-12-15 20:35:45.987213+00:00,system,PROD048,Impressora Canon PIXMA G3010,Canon,Impressora tanque de tinta colorida scanner Wi-Fi,950.00,,Eletrônicos,UN,system,41d3d981-8aba-4ef6-8600-f2ef45db5409,43,50
152,2025-12-15 23:42:46.350136+00:00,system,PROD048,Impressora Canon PIXMA G3010,Canon,Impressora tanque de tinta colorida scanner Wi-Fi,950.00,,Eletrônicos,UN,system,41d3d981-8aba-4ef6-8600-f2ef45db5409,43,152
202,2025-12-16 00:42:38.148459+00:00,system,SKU-836,Impressora Canon PIXMA G3010 Tanque,Canon,Tanque de tinta colorida scanner Wi-Fi impressão,945.00,6.0,8443.32.00,UN,system,41d3d981-8aba-4ef6-8600-f2ef45db5409,43,202
166,2025-12-16 00:42:38.148459+00:00,system,SKU-800,Fone JBL True Wireless TWS,JBL,Bluetooth True Wireless com case carregamento,295.00,30.0,8518.30.00,UN,system,41d3d981-8aba-4ef6-8600-f2ef45db5409,44,166
64,2025-12-15 20:35:55.983777+00:00,system,SKU-800,Fone JBL True Wireless TWS,JBL,Bluetooth True Wireless com case carregamento,295.00,30.0,8518.30.00,UN,system,41d3d981-8aba-4ef6-8600-f2ef45db5409,44,64
67,2025-12-15 20:35:55.983777+00:00,system,SKU-803,Suporte Notebook Alumínio,Allma,Ajustável alumínio suporta até 17 polegadas altura,148.00,30.0,8471.60.00,UN,system,41d3d981-8aba-4ef6-8600-f2ef45db5409,45,67
169,2025-12-16 00:42:38.148459+00:00,system,SKU-803,Suporte Notebook Alumínio,Allma,Ajustável alumínio suporta até 17 polegadas altura,148.00,30.0,8471.60.00,UN,system,41d3d981-8aba-4ef6-8600-f2ef45db5409,45,169
174,2025-12-16 00:42:38.148459+00:00,system,SKU-808,"Monitor Samsung 27"" 4K UHD",Samsung,LED 27 polegadas 4K resolução 3840x2160 HDMI DP,2095.00,6.0,8528.52.00,UN,system,41d3d981-8aba-4ef6-8600-f2ef45db5409,46,174
72,2025-12-15 20:35:55.983777+00:00,system,SKU-808,"Monitor Samsung 27"" 4K UHD",Samsung,LED 27 polegadas 4K resolução 3840x2160 HDMI DP,2095.00,6.0,8528.52.00,UN,system,41d3d981-8aba-4ef6-8600-f2ef45db5409,46,72
83,2025-12-15 20:35:55.983777+00:00,system,SKU-819,Fone Over-Ear Sony WH1000XM4,Sony,Over-ear bluetooth cancelamento ruído ativo bateria,1595.00,4.0,8518.30.00,UN,system,41d3d981-8aba-4ef6-8600-f2ef45db5409,47,83
185,2025-12-16 00:42:38.148459+00:00,system,SKU-819,Fone Over-Ear Sony WH1000XM4,Sony,Over-ear bluetooth cancelamento ruído ativo bateria,1595.00,4.0,8518.30.00,UN,system,41d3d981-8aba-4ef6-8600-f2ef45db5409,47,185
197,2025-12-16 00:42:38.148459+00:00,system,SKU-831,Fone Bluetooth In-Ear Xiaomi,Xiaomi,Bluetooth in-ear com case carregamento carga rápida,95.00,50.0,8518.30.00,UN,system,41d3d981-8aba-4ef6-8600-f2ef45db5409,48,197
95,2025-12-15 20:35:55.983777+00:00,system,SKU-831,Fone Bluetooth In-Ear Xiaomi,Xiaomi,Bluetooth in-ear com case carregamento carga rápida,95.00,50.0,8518.30.00,UN,system,41d3d981-8aba-4ef6-8600-f2ef45db5409,48,95
103,2025-12-15 20:35:55.983777+00:00,system,SKU-839,Monitor LG UltraWide 29 polegadas,LG,"LED UltraWide 29"" 2560x1080 HDMI DisplayPort USB-C",1250.00,7.0,8528.52.00,UN,system,41d3d981-8aba-4ef6-8600-f2ef45db5409,49,103
205,2025-12-16 00:42:38.148459+00:00,system,SKU-839,Monitor LG UltraWide 29 polegadas,LG,"LED UltraWide 29"" 2560x1080 HDMI DisplayPort USB-C",1250.00,7.0,8528.52.00,UN,system,41d3d981-8aba-4ef6-8600-f2ef45db5409,49,205
206,2025-12-16 00:42:38.148459+00:00,system,SKU-840,"Notebook MacBook Air M1 13.3""",Apple,"13.3"" chip M1 8GB RAM SSD 256GB tela Retina",6999.00,2.0,8471.30.00,UN,system,41d3d981-8aba-4ef6-8600-f2ef45db5409,50,206
104,2025-12-15 20:35:55.983777+00:00,system,SKU-840,"Notebook MacBook Air M1 13.3""",Apple,"13.3"" chip M1 8GB RAM SSD 256GB tela Retina",6999.00,2.0,8471.30.00,UN,system,41d3d981-8aba-4ef6-8600-f2ef45db5409,50,104
2,2025-12-15 20:33:40.351355+00:00,system,BIZ123,Sample Item,Sample Brand,This is a sample item.,19.99,100.0,Sample Category,Sample Unit,system,41d3d981-8aba-4ef6-8600-f2ef45db5409,51,2
